{"cameraMode":{"drawMode":0,"name":"Shaded","section":"Shading Mode"},"sceneLighting":true,"audioPlay":false,"sceneViewState":{"showFog":false,"showMaterialUpdate":false,"showSkybox":false,"showFlares":false,"showImageEffects":false,"showParticleSystems":false},"in2DMode":false,"pivot":{"x":3.3983194828033449,"y":-0.7749161720275879,"z":-2.961912155151367},"rotation":{"x":0.05622134357690811,"y":0.9405742287635803,"z":-0.27342015504837038,"w":0.19340378046035767},"size":6.106204986572266,"orthographic":false}