{"cameraMode":{"drawMode":0,"name":"Shaded","section":"Shading Mode"},"sceneLighting":true,"audioPlay":false,"sceneViewState":{"showFog":false,"showMaterialUpdate":false,"showSkybox":false,"showFlares":false,"showImageEffects":false,"showParticleSystems":false},"in2DMode":false,"pivot":{"x":2.9662399291992189,"y":3.1875061988830568,"z":-1.2831263542175294},"rotation":{"x":0.0005822056555189192,"y":0.9843170046806336,"z":-0.17638111114501954,"w":0.0032493253238499166},"size":4.507394790649414,"orthographic":false}