{"cameraMode":{"drawMode":0,"name":"Shaded","section":"Shading Mode"},"sceneLighting":true,"audioPlay":false,"sceneViewState":{"showFog":false,"showMaterialUpdate":false,"showSkybox":false,"showFlares":false,"showImageEffects":false,"showParticleSystems":false},"in2DMode":false,"pivot":{"x":1.2875053882598878,"y":-0.1371903419494629,"z":-1.7597562074661255},"rotation":{"x":0.07412641495466232,"y":0.9244970679283142,"z":-0.28933626413345339,"w":0.23685193061828614},"size":2.4467995166778566,"orthographic":false}